[
  {
    "name": "Application Start",
    "start": 1551417572467,
    "end": 1551417572964,
    "duration": 497,
    "pid": 57355,
    "index": 0
  },
  {
    "name": "Load Plugin",
    "start": 1551417572470,
    "end": 1551417572476,
    "duration": 6,
    "pid": 57355,
    "index": 1
  },
  {
    "name": "Load Config",
    "start": 1551417572476,
    "end": 1551417572486,
    "duration": 10,
    "pid": 57355,
    "index": 2
  },
  {
    "name": "Require(0) config/config.default.js",
    "start": 1551417572476,
    "end": 1551417572477,
    "duration": 1,
    "pid": 57355,
    "index": 3
  },
  {
    "name": "Require(1) node_modules/egg-session/config/config.default.js",
    "start": 1551417572477,
    "end": 1551417572479,
    "duration": 2,
    "pid": 57355,
    "index": 4
  },
  {
    "name": "Require(2) node_modules/egg-security/config/config.default.js",
    "start": 1551417572479,
    "end": 1551417572479,
    "duration": 0,
    "pid": 57355,
    "index": 5
  },
  {
    "name": "Require(3) node_modules/egg-jsonp/config/config.default.js",
    "start": 1551417572480,
    "end": 1551417572480,
    "duration": 0,
    "pid": 57355,
    "index": 6
  },
  {
    "name": "Require(4) node_modules/egg-onerror/config/config.default.js",
    "start": 1551417572480,
    "end": 1551417572480,
    "duration": 0,
    "pid": 57355,
    "index": 7
  },
  {
    "name": "Require(5) node_modules/egg-i18n/config/config.default.js",
    "start": 1551417572480,
    "end": 1551417572481,
    "duration": 1,
    "pid": 57355,
    "index": 8
  },
  {
    "name": "Require(6) node_modules/egg-watcher/config/config.default.js",
    "start": 1551417572481,
    "end": 1551417572481,
    "duration": 0,
    "pid": 57355,
    "index": 9
  },
  {
    "name": "Require(7) node_modules/egg-schedule/config/config.default.js",
    "start": 1551417572481,
    "end": 1551417572482,
    "duration": 1,
    "pid": 57355,
    "index": 10
  },
  {
    "name": "Require(8) node_modules/egg-multipart/config/config.default.js",
    "start": 1551417572482,
    "end": 1551417572482,
    "duration": 0,
    "pid": 57355,
    "index": 11
  },
  {
    "name": "Require(9) node_modules/egg-development/config/config.default.js",
    "start": 1551417572482,
    "end": 1551417572482,
    "duration": 0,
    "pid": 57355,
    "index": 12
  },
  {
    "name": "Require(10) node_modules/egg-logrotator/config/config.default.js",
    "start": 1551417572482,
    "end": 1551417572483,
    "duration": 1,
    "pid": 57355,
    "index": 13
  },
  {
    "name": "Require(11) node_modules/egg-static/config/config.default.js",
    "start": 1551417572483,
    "end": 1551417572483,
    "duration": 0,
    "pid": 57355,
    "index": 14
  },
  {
    "name": "Require(12) node_modules/egg-view/config/config.default.js",
    "start": 1551417572483,
    "end": 1551417572483,
    "duration": 0,
    "pid": 57355,
    "index": 15
  },
  {
    "name": "Require(13) node_modules/egg/config/config.default.js",
    "start": 1551417572483,
    "end": 1551417572484,
    "duration": 1,
    "pid": 57355,
    "index": 16
  },
  {
    "name": "Require(14) config/config.default.js",
    "start": 1551417572485,
    "end": 1551417572485,
    "duration": 0,
    "pid": 57355,
    "index": 17
  },
  {
    "name": "Require(15) node_modules/egg-security/config/config.local.js",
    "start": 1551417572485,
    "end": 1551417572485,
    "duration": 0,
    "pid": 57355,
    "index": 18
  },
  {
    "name": "Require(16) node_modules/egg-watcher/config/config.local.js",
    "start": 1551417572485,
    "end": 1551417572485,
    "duration": 0,
    "pid": 57355,
    "index": 19
  },
  {
    "name": "Require(17) node_modules/egg-view/config/config.local.js",
    "start": 1551417572485,
    "end": 1551417572486,
    "duration": 1,
    "pid": 57355,
    "index": 20
  },
  {
    "name": "Require(18) node_modules/egg/config/config.local.js",
    "start": 1551417572486,
    "end": 1551417572486,
    "duration": 0,
    "pid": 57355,
    "index": 21
  },
  {
    "name": "Load extend/application.js",
    "start": 1551417572487,
    "end": 1551417572705,
    "duration": 218,
    "pid": 57355,
    "index": 22
  },
  {
    "name": "Require(19) node_modules/egg-session/app/extend/application.js",
    "start": 1551417572487,
    "end": 1551417572488,
    "duration": 1,
    "pid": 57355,
    "index": 23
  },
  {
    "name": "Require(20) node_modules/egg-security/app/extend/application.js",
    "start": 1551417572488,
    "end": 1551417572489,
    "duration": 1,
    "pid": 57355,
    "index": 24
  },
  {
    "name": "Require(21) node_modules/egg-jsonp/app/extend/application.js",
    "start": 1551417572490,
    "end": 1551417572491,
    "duration": 1,
    "pid": 57355,
    "index": 25
  },
  {
    "name": "Require(22) node_modules/egg-logrotator/app/extend/application.js",
    "start": 1551417572492,
    "end": 1551417572493,
    "duration": 1,
    "pid": 57355,
    "index": 26
  },
  {
    "name": "Require(23) node_modules/egg-view/app/extend/application.js",
    "start": 1551417572493,
    "end": 1551417572494,
    "duration": 1,
    "pid": 57355,
    "index": 27
  },
  {
    "name": "Require(24) app/extend/application.js",
    "start": 1551417572495,
    "end": 1551417572704,
    "duration": 209,
    "pid": 57355,
    "index": 28
  },
  {
    "name": "Load extend/request.js",
    "start": 1551417572705,
    "end": 1551417572708,
    "duration": 3,
    "pid": 57355,
    "index": 29
  },
  {
    "name": "Require(25) node_modules/egg/app/extend/request.js",
    "start": 1551417572706,
    "end": 1551417572707,
    "duration": 1,
    "pid": 57355,
    "index": 30
  },
  {
    "name": "Load extend/response.js",
    "start": 1551417572708,
    "end": 1551417572711,
    "duration": 3,
    "pid": 57355,
    "index": 31
  },
  {
    "name": "Require(26) node_modules/egg/app/extend/response.js",
    "start": 1551417572708,
    "end": 1551417572710,
    "duration": 2,
    "pid": 57355,
    "index": 32
  },
  {
    "name": "Load extend/context.js",
    "start": 1551417572711,
    "end": 1551417572754,
    "duration": 43,
    "pid": 57355,
    "index": 33
  },
  {
    "name": "Require(27) node_modules/egg-security/app/extend/context.js",
    "start": 1551417572711,
    "end": 1551417572721,
    "duration": 10,
    "pid": 57355,
    "index": 34
  },
  {
    "name": "Require(28) node_modules/egg-jsonp/app/extend/context.js",
    "start": 1551417572721,
    "end": 1551417572722,
    "duration": 1,
    "pid": 57355,
    "index": 35
  },
  {
    "name": "Require(29) node_modules/egg-i18n/app/extend/context.js",
    "start": 1551417572722,
    "end": 1551417572723,
    "duration": 1,
    "pid": 57355,
    "index": 36
  },
  {
    "name": "Require(30) node_modules/egg-multipart/app/extend/context.js",
    "start": 1551417572723,
    "end": 1551417572752,
    "duration": 29,
    "pid": 57355,
    "index": 37
  },
  {
    "name": "Require(31) node_modules/egg-view/app/extend/context.js",
    "start": 1551417572752,
    "end": 1551417572752,
    "duration": 0,
    "pid": 57355,
    "index": 38
  },
  {
    "name": "Require(32) node_modules/egg/app/extend/context.js",
    "start": 1551417572752,
    "end": 1551417572753,
    "duration": 1,
    "pid": 57355,
    "index": 39
  },
  {
    "name": "Load extend/helper.js",
    "start": 1551417572754,
    "end": 1551417572777,
    "duration": 23,
    "pid": 57355,
    "index": 40
  },
  {
    "name": "Require(33) node_modules/egg-security/app/extend/helper.js",
    "start": 1551417572754,
    "end": 1551417572774,
    "duration": 20,
    "pid": 57355,
    "index": 41
  },
  {
    "name": "Require(34) node_modules/egg/app/extend/helper.js",
    "start": 1551417572775,
    "end": 1551417572775,
    "duration": 0,
    "pid": 57355,
    "index": 42
  },
  {
    "name": "Load app.js",
    "start": 1551417572777,
    "end": 1551417572814,
    "duration": 37,
    "pid": 57355,
    "index": 43
  },
  {
    "name": "Require(35) node_modules/egg-session/app.js",
    "start": 1551417572777,
    "end": 1551417572777,
    "duration": 0,
    "pid": 57355,
    "index": 44
  },
  {
    "name": "Require(36) node_modules/egg-security/app.js",
    "start": 1551417572778,
    "end": 1551417572779,
    "duration": 1,
    "pid": 57355,
    "index": 45
  },
  {
    "name": "Require(37) node_modules/egg-onerror/app.js",
    "start": 1551417572780,
    "end": 1551417572791,
    "duration": 11,
    "pid": 57355,
    "index": 46
  },
  {
    "name": "Require(38) node_modules/egg-i18n/app.js",
    "start": 1551417572791,
    "end": 1551417572805,
    "duration": 14,
    "pid": 57355,
    "index": 47
  },
  {
    "name": "Require(39) node_modules/egg-watcher/app.js",
    "start": 1551417572806,
    "end": 1551417572808,
    "duration": 2,
    "pid": 57355,
    "index": 48
  },
  {
    "name": "Require(40) node_modules/egg-schedule/app.js",
    "start": 1551417572808,
    "end": 1551417572809,
    "duration": 1,
    "pid": 57355,
    "index": 49
  },
  {
    "name": "Require(41) node_modules/egg-multipart/app.js",
    "start": 1551417572809,
    "end": 1551417572811,
    "duration": 2,
    "pid": 57355,
    "index": 50
  },
  {
    "name": "Require(42) node_modules/egg-development/app.js",
    "start": 1551417572811,
    "end": 1551417572812,
    "duration": 1,
    "pid": 57355,
    "index": 51
  },
  {
    "name": "Require(43) node_modules/egg-logrotator/app.js",
    "start": 1551417572812,
    "end": 1551417572813,
    "duration": 1,
    "pid": 57355,
    "index": 52
  },
  {
    "name": "Require(44) node_modules/egg-static/app.js",
    "start": 1551417572813,
    "end": 1551417572814,
    "duration": 1,
    "pid": 57355,
    "index": 53
  },
  {
    "name": "Before Start in node_modules/egg-watcher/lib/init.js:15:14",
    "start": 1551417572829,
    "end": 1551417572962,
    "duration": 133,
    "pid": 57355,
    "index": 54
  },
  {
    "name": "Load Service",
    "start": 1551417572858,
    "end": 1551417572860,
    "duration": 2,
    "pid": 57355,
    "index": 55
  },
  {
    "name": "Load \"service\" to Context",
    "start": 1551417572858,
    "end": 1551417572860,
    "duration": 2,
    "pid": 57355,
    "index": 56
  },
  {
    "name": "Load Middleware",
    "start": 1551417572860,
    "end": 1551417572928,
    "duration": 68,
    "pid": 57355,
    "index": 57
  },
  {
    "name": "Load \"middlewares\" to Application",
    "start": 1551417572861,
    "end": 1551417572920,
    "duration": 59,
    "pid": 57355,
    "index": 58
  },
  {
    "name": "Load Controller",
    "start": 1551417572928,
    "end": 1551417572929,
    "duration": 1,
    "pid": 57355,
    "index": 59
  },
  {
    "name": "Load \"controller\" to Application",
    "start": 1551417572928,
    "end": 1551417572929,
    "duration": 1,
    "pid": 57355,
    "index": 60
  },
  {
    "name": "Load Router",
    "start": 1551417572929,
    "end": 1551417572931,
    "duration": 2,
    "pid": 57355,
    "index": 61
  },
  {
    "name": "Require(45) app/router.js",
    "start": 1551417572930,
    "end": 1551417572930,
    "duration": 0,
    "pid": 57355,
    "index": 62
  },
  {
    "name": "Before Start in node_modules/egg-core/lib/egg.js:303:10",
    "start": 1551417572930,
    "end": 1551417572939,
    "duration": 9,
    "pid": 57355,
    "index": 63
  }
]