[
  {
    "name": "Application Start",
    "start": 1551417589346,
    "end": 1551417589910,
    "duration": 564,
    "pid": 57386,
    "index": 0
  },
  {
    "name": "Load Plugin",
    "start": 1551417589352,
    "end": 1551417589365,
    "duration": 13,
    "pid": 57386,
    "index": 1
  },
  {
    "name": "Load Config",
    "start": 1551417589365,
    "end": 1551417589387,
    "duration": 22,
    "pid": 57386,
    "index": 2
  },
  {
    "name": "Require(0) config/config.default.js",
    "start": 1551417589366,
    "end": 1551417589366,
    "duration": 0,
    "pid": 57386,
    "index": 3
  },
  {
    "name": "Require(1) node_modules/egg-session/config/config.default.js",
    "start": 1551417589368,
    "end": 1551417589369,
    "duration": 1,
    "pid": 57386,
    "index": 4
  },
  {
    "name": "Require(2) node_modules/egg-security/config/config.default.js",
    "start": 1551417589369,
    "end": 1551417589370,
    "duration": 1,
    "pid": 57386,
    "index": 5
  },
  {
    "name": "Require(3) node_modules/egg-jsonp/config/config.default.js",
    "start": 1551417589371,
    "end": 1551417589372,
    "duration": 1,
    "pid": 57386,
    "index": 6
  },
  {
    "name": "Require(4) node_modules/egg-onerror/config/config.default.js",
    "start": 1551417589372,
    "end": 1551417589373,
    "duration": 1,
    "pid": 57386,
    "index": 7
  },
  {
    "name": "Require(5) node_modules/egg-i18n/config/config.default.js",
    "start": 1551417589373,
    "end": 1551417589374,
    "duration": 1,
    "pid": 57386,
    "index": 8
  },
  {
    "name": "Require(6) node_modules/egg-watcher/config/config.default.js",
    "start": 1551417589374,
    "end": 1551417589375,
    "duration": 1,
    "pid": 57386,
    "index": 9
  },
  {
    "name": "Require(7) node_modules/egg-schedule/config/config.default.js",
    "start": 1551417589375,
    "end": 1551417589376,
    "duration": 1,
    "pid": 57386,
    "index": 10
  },
  {
    "name": "Require(8) node_modules/egg-multipart/config/config.default.js",
    "start": 1551417589376,
    "end": 1551417589377,
    "duration": 1,
    "pid": 57386,
    "index": 11
  },
  {
    "name": "Require(9) node_modules/egg-development/config/config.default.js",
    "start": 1551417589377,
    "end": 1551417589378,
    "duration": 1,
    "pid": 57386,
    "index": 12
  },
  {
    "name": "Require(10) node_modules/egg-logrotator/config/config.default.js",
    "start": 1551417589378,
    "end": 1551417589379,
    "duration": 1,
    "pid": 57386,
    "index": 13
  },
  {
    "name": "Require(11) node_modules/egg-static/config/config.default.js",
    "start": 1551417589379,
    "end": 1551417589380,
    "duration": 1,
    "pid": 57386,
    "index": 14
  },
  {
    "name": "Require(12) node_modules/egg-view/config/config.default.js",
    "start": 1551417589380,
    "end": 1551417589381,
    "duration": 1,
    "pid": 57386,
    "index": 15
  },
  {
    "name": "Require(13) node_modules/egg/config/config.default.js",
    "start": 1551417589381,
    "end": 1551417589382,
    "duration": 1,
    "pid": 57386,
    "index": 16
  },
  {
    "name": "Require(14) config/config.default.js",
    "start": 1551417589384,
    "end": 1551417589384,
    "duration": 0,
    "pid": 57386,
    "index": 17
  },
  {
    "name": "Require(15) node_modules/egg-security/config/config.local.js",
    "start": 1551417589384,
    "end": 1551417589385,
    "duration": 1,
    "pid": 57386,
    "index": 18
  },
  {
    "name": "Require(16) node_modules/egg-watcher/config/config.local.js",
    "start": 1551417589385,
    "end": 1551417589386,
    "duration": 1,
    "pid": 57386,
    "index": 19
  },
  {
    "name": "Require(17) node_modules/egg-view/config/config.local.js",
    "start": 1551417589386,
    "end": 1551417589386,
    "duration": 0,
    "pid": 57386,
    "index": 20
  },
  {
    "name": "Require(18) node_modules/egg/config/config.local.js",
    "start": 1551417589387,
    "end": 1551417589387,
    "duration": 0,
    "pid": 57386,
    "index": 21
  },
  {
    "name": "Load extend/application.js",
    "start": 1551417589389,
    "end": 1551417589582,
    "duration": 193,
    "pid": 57386,
    "index": 22
  },
  {
    "name": "Require(19) node_modules/egg-session/app/extend/application.js",
    "start": 1551417589389,
    "end": 1551417589390,
    "duration": 1,
    "pid": 57386,
    "index": 23
  },
  {
    "name": "Require(20) node_modules/egg-security/app/extend/application.js",
    "start": 1551417589390,
    "end": 1551417589392,
    "duration": 2,
    "pid": 57386,
    "index": 24
  },
  {
    "name": "Require(21) node_modules/egg-jsonp/app/extend/application.js",
    "start": 1551417589392,
    "end": 1551417589393,
    "duration": 1,
    "pid": 57386,
    "index": 25
  },
  {
    "name": "Require(22) node_modules/egg-logrotator/app/extend/application.js",
    "start": 1551417589394,
    "end": 1551417589395,
    "duration": 1,
    "pid": 57386,
    "index": 26
  },
  {
    "name": "Require(23) node_modules/egg-view/app/extend/application.js",
    "start": 1551417589395,
    "end": 1551417589396,
    "duration": 1,
    "pid": 57386,
    "index": 27
  },
  {
    "name": "Require(24) app/extend/application.js",
    "start": 1551417589396,
    "end": 1551417589581,
    "duration": 185,
    "pid": 57386,
    "index": 28
  },
  {
    "name": "Load extend/request.js",
    "start": 1551417589582,
    "end": 1551417589584,
    "duration": 2,
    "pid": 57386,
    "index": 29
  },
  {
    "name": "Require(25) node_modules/egg/app/extend/request.js",
    "start": 1551417589582,
    "end": 1551417589583,
    "duration": 1,
    "pid": 57386,
    "index": 30
  },
  {
    "name": "Load extend/response.js",
    "start": 1551417589584,
    "end": 1551417589587,
    "duration": 3,
    "pid": 57386,
    "index": 31
  },
  {
    "name": "Require(26) node_modules/egg/app/extend/response.js",
    "start": 1551417589585,
    "end": 1551417589586,
    "duration": 1,
    "pid": 57386,
    "index": 32
  },
  {
    "name": "Load extend/context.js",
    "start": 1551417589587,
    "end": 1551417589648,
    "duration": 61,
    "pid": 57386,
    "index": 33
  },
  {
    "name": "Require(27) node_modules/egg-security/app/extend/context.js",
    "start": 1551417589587,
    "end": 1551417589605,
    "duration": 18,
    "pid": 57386,
    "index": 34
  },
  {
    "name": "Require(28) node_modules/egg-jsonp/app/extend/context.js",
    "start": 1551417589605,
    "end": 1551417589607,
    "duration": 2,
    "pid": 57386,
    "index": 35
  },
  {
    "name": "Require(29) node_modules/egg-i18n/app/extend/context.js",
    "start": 1551417589607,
    "end": 1551417589608,
    "duration": 1,
    "pid": 57386,
    "index": 36
  },
  {
    "name": "Require(30) node_modules/egg-multipart/app/extend/context.js",
    "start": 1551417589608,
    "end": 1551417589644,
    "duration": 36,
    "pid": 57386,
    "index": 37
  },
  {
    "name": "Require(31) node_modules/egg-view/app/extend/context.js",
    "start": 1551417589644,
    "end": 1551417589646,
    "duration": 2,
    "pid": 57386,
    "index": 38
  },
  {
    "name": "Require(32) node_modules/egg/app/extend/context.js",
    "start": 1551417589646,
    "end": 1551417589647,
    "duration": 1,
    "pid": 57386,
    "index": 39
  },
  {
    "name": "Load extend/helper.js",
    "start": 1551417589648,
    "end": 1551417589667,
    "duration": 19,
    "pid": 57386,
    "index": 40
  },
  {
    "name": "Require(33) node_modules/egg-security/app/extend/helper.js",
    "start": 1551417589648,
    "end": 1551417589666,
    "duration": 18,
    "pid": 57386,
    "index": 41
  },
  {
    "name": "Require(34) node_modules/egg/app/extend/helper.js",
    "start": 1551417589666,
    "end": 1551417589666,
    "duration": 0,
    "pid": 57386,
    "index": 42
  },
  {
    "name": "Load app.js",
    "start": 1551417589667,
    "end": 1551417589703,
    "duration": 36,
    "pid": 57386,
    "index": 43
  },
  {
    "name": "Require(35) node_modules/egg-session/app.js",
    "start": 1551417589668,
    "end": 1551417589668,
    "duration": 0,
    "pid": 57386,
    "index": 44
  },
  {
    "name": "Require(36) node_modules/egg-security/app.js",
    "start": 1551417589668,
    "end": 1551417589670,
    "duration": 2,
    "pid": 57386,
    "index": 45
  },
  {
    "name": "Require(37) node_modules/egg-onerror/app.js",
    "start": 1551417589670,
    "end": 1551417589678,
    "duration": 8,
    "pid": 57386,
    "index": 46
  },
  {
    "name": "Require(38) node_modules/egg-i18n/app.js",
    "start": 1551417589679,
    "end": 1551417589692,
    "duration": 13,
    "pid": 57386,
    "index": 47
  },
  {
    "name": "Require(39) node_modules/egg-watcher/app.js",
    "start": 1551417589692,
    "end": 1551417589696,
    "duration": 4,
    "pid": 57386,
    "index": 48
  },
  {
    "name": "Require(40) node_modules/egg-schedule/app.js",
    "start": 1551417589696,
    "end": 1551417589697,
    "duration": 1,
    "pid": 57386,
    "index": 49
  },
  {
    "name": "Require(41) node_modules/egg-multipart/app.js",
    "start": 1551417589698,
    "end": 1551417589700,
    "duration": 2,
    "pid": 57386,
    "index": 50
  },
  {
    "name": "Require(42) node_modules/egg-development/app.js",
    "start": 1551417589700,
    "end": 1551417589700,
    "duration": 0,
    "pid": 57386,
    "index": 51
  },
  {
    "name": "Require(43) node_modules/egg-logrotator/app.js",
    "start": 1551417589701,
    "end": 1551417589701,
    "duration": 0,
    "pid": 57386,
    "index": 52
  },
  {
    "name": "Require(44) node_modules/egg-static/app.js",
    "start": 1551417589701,
    "end": 1551417589702,
    "duration": 1,
    "pid": 57386,
    "index": 53
  },
  {
    "name": "Before Start in node_modules/egg-watcher/lib/init.js:15:14",
    "start": 1551417589717,
    "end": 1551417589909,
    "duration": 192,
    "pid": 57386,
    "index": 54
  },
  {
    "name": "Load Service",
    "start": 1551417589764,
    "end": 1551417589767,
    "duration": 3,
    "pid": 57386,
    "index": 55
  },
  {
    "name": "Load \"service\" to Context",
    "start": 1551417589764,
    "end": 1551417589767,
    "duration": 3,
    "pid": 57386,
    "index": 56
  },
  {
    "name": "Load Middleware",
    "start": 1551417589767,
    "end": 1551417589861,
    "duration": 94,
    "pid": 57386,
    "index": 57
  },
  {
    "name": "Load \"middlewares\" to Application",
    "start": 1551417589768,
    "end": 1551417589851,
    "duration": 83,
    "pid": 57386,
    "index": 58
  },
  {
    "name": "Load Controller",
    "start": 1551417589861,
    "end": 1551417589862,
    "duration": 1,
    "pid": 57386,
    "index": 59
  },
  {
    "name": "Load \"controller\" to Application",
    "start": 1551417589861,
    "end": 1551417589862,
    "duration": 1,
    "pid": 57386,
    "index": 60
  },
  {
    "name": "Load Router",
    "start": 1551417589862,
    "end": 1551417589864,
    "duration": 2,
    "pid": 57386,
    "index": 61
  },
  {
    "name": "Require(45) app/router.js",
    "start": 1551417589862,
    "end": 1551417589863,
    "duration": 1,
    "pid": 57386,
    "index": 62
  },
  {
    "name": "Before Start in node_modules/egg-core/lib/egg.js:303:10",
    "start": 1551417589863,
    "end": 1551417589875,
    "duration": 12,
    "pid": 57386,
    "index": 63
  }
]